{
  "metadata": {
    "description": "Glyph adjacency ledger built from TTLI.json, filtered to Lisa Fagan Davis Scribe 1 folios",
    "source": "TTLI.json",
    "scribe_source": "quires_scribes_davis.json",
    "scribe_filter": 1,
    "filter_rule": "Include TTLI records whose folio number is assigned to Scribe 1 in quires_scribes_davis.json.",
    "token_count": 10193,
    "short_token_count": 429,
    "short_tokens": {
      "s": 162,
      "y": 67,
      "r": 48,
      "o": 39,
      "d": 37,
      "l": 20,
      "k": 11,
      "g": 7,
      "v": 7,
      "x": 6,
      "m": 5,
      "t": 5,
      "n": 4,
      "f": 4,
      "p": 4,
      "a": 2,
      "e": 1
    },
    "first_tokens": {
      "c": 2648,
      "o": 1731,
      "d": 1593,
      "s": 1382,
      "q": 985,
      "y": 622,
      "k": 404,
      "t": 286,
      "a": 172,
      "p": 104,
      "r": 83,
      "l": 70,
      "e": 41,
      "f": 38,
      "g": 8,
      "v": 8,
      "m": 7,
      "x": 6,
      "n": 4,
      "i": 1
    },
    "first_token_weights": {
      "c": 0.25978613,
      "o": 0.16982243,
      "d": 0.15628372,
      "s": 0.13558324,
      "q": 0.09663495,
      "y": 0.06102227,
      "k": 0.03963504,
      "t": 0.02805847,
      "a": 0.01687433,
      "p": 0.01020308,
      "r": 0.00814284,
      "l": 0.00686746,
      "e": 0.00402237,
      "f": 0.00372805,
      "g": 0.00078485,
      "v": 0.00078485,
      "m": 0.00068675,
      "x": 0.00058864,
      "n": 0.00039243,
      "i": 9.811e-05
    },
    "records_used": 1759,
    "folios_used_count": 114,
    "folio_numbers_used_count": 54,
    "folio_numbers_used": [
      1,
      2,
      3,
      4,
      5,
      6,
      7,
      8,
      9,
      10,
      11,
      13,
      14,
      15,
      16,
      17,
      18,
      19,
      20,
      21,
      22,
      23,
      24,
      25,
      27,
      28,
      29,
      30,
      32,
      35,
      36,
      37,
      38,
      42,
      44,
      45,
      47,
      49,
      51,
      52,
      53,
      54,
      56,
      57,
      87,
      88,
      89,
      90,
      93,
      96,
      99,
      100,
      101,
      102
    ],
    "tiers": [
      "80",
      "18",
      "2"
    ],
    "columns": [
      "prefix",
      "midfix",
      "suffix"
    ],
    "start_token_note": "first_tokens counts first glyph of every token occurrence on Scribe 1 folio numbers; first_token_weights = count / token_count."
  },
  "alphabet": [
    "a",
    "c",
    "d",
    "e",
    "h",
    "i",
    "k",
    "l",
    "o",
    "q",
    "r",
    "s",
    "t",
    "y",
    "f",
    "g",
    "p",
    "n",
    "m",
    "x",
    "v"
  ],
  "ledger": {
    "a": {
      "prefix": {
        "80": [
          "i",
          "r",
          "l"
        ],
        "18": [
          "m",
          "n"
        ],
        "2": [
          "t",
          "c"
        ]
      },
      "midfix": {
        "80": [
          "i"
        ],
        "18": [
          "l",
          "r",
          "m"
        ],
        "2": [
          "c",
          "d",
          "k",
          "o",
          "e",
          "f",
          "s",
          "p",
          "t",
          "y"
        ]
      },
      "suffix": {
        "80": [
          "r",
          "l",
          "m"
        ],
        "18": [
          "n",
          "s"
        ],
        "2": [
          "y",
          "d",
          "t",
          "i"
        ]
      }
    },
    "c": {
      "prefix": {
        "80": [
          "h",
          "t"
        ],
        "18": [
          "k",
          "p"
        ],
        "2": [
          "f",
          "s",
          "o",
          "c"
        ]
      },
      "midfix": {
        "80": [
          "h"
        ],
        "18": [
          "k",
          "t",
          "p"
        ],
        "2": [
          "f"
        ]
      },
      "suffix": {
        "80": [
          "h",
          "o"
        ],
        "18": [
          "y"
        ],
        "2": []
      }
    },
    "d": {
      "prefix": {
        "80": [
          "a",
          "o",
          "c"
        ],
        "18": [
          "y",
          "s",
          "e"
        ],
        "2": [
          "l",
          "k",
          "d",
          "i",
          "p",
          "t",
          "g",
          "r"
        ]
      },
      "midfix": {
        "80": [
          "a",
          "o"
        ],
        "18": [
          "e",
          "c",
          "s",
          "y"
        ],
        "2": [
          "l",
          "d",
          "r",
          "p"
        ]
      },
      "suffix": {
        "80": [
          "y"
        ],
        "18": [
          "a",
          "l",
          "s"
        ],
        "2": [
          "g",
          "o",
          "m",
          "d",
          "r"
        ]
      }
    },
    "e": {
      "prefix": {
        "80": [
          "e",
          "t",
          "k"
        ],
        "18": [
          "s",
          "l",
          "c",
          "a",
          "o"
        ],
        "2": []
      },
      "midfix": {
        "80": [
          "o",
          "e"
        ],
        "18": [
          "a",
          "k",
          "c",
          "d",
          "s",
          "t"
        ],
        "2": [
          "y",
          "p",
          "f",
          "i"
        ]
      },
      "suffix": {
        "80": [
          "y",
          "o"
        ],
        "18": [
          "s",
          "n",
          "a",
          "e",
          "d"
        ],
        "2": [
          "r",
          "p",
          "g",
          "m",
          "t",
          "k"
        ]
      }
    },
    "h": {
      "prefix": {
        "80": [],
        "18": [],
        "2": []
      },
      "midfix": {
        "80": [
          "o",
          "e"
        ],
        "18": [
          "a",
          "c",
          "k",
          "d",
          "t"
        ],
        "2": [
          "y",
          "s",
          "h",
          "p",
          "r",
          "l",
          "i"
        ]
      },
      "suffix": {
        "80": [
          "y",
          "o"
        ],
        "18": [
          "e",
          "s",
          "l"
        ],
        "2": [
          "d",
          "a",
          "r",
          "m",
          "g",
          "h"
        ]
      }
    },
    "i": {
      "prefix": {
        "80": [
          "k"
        ],
        "18": [],
        "2": []
      },
      "midfix": {
        "80": [
          "i"
        ],
        "18": [
          "r",
          "n",
          "k",
          "d"
        ],
        "2": [
          "t",
          "l",
          "o",
          "s",
          "m",
          "c",
          "e",
          "p"
        ]
      },
      "suffix": {
        "80": [
          "n"
        ],
        "18": [
          "r",
          "m"
        ],
        "2": [
          "s",
          "l",
          "t",
          "d",
          "y",
          "i"
        ]
      }
    },
    "k": {
      "prefix": {
        "80": [
          "c",
          "o",
          "e",
          "s"
        ],
        "18": [
          "a",
          "y"
        ],
        "2": [
          "d"
        ]
      },
      "midfix": {
        "80": [
          "e",
          "h",
          "c",
          "o"
        ],
        "18": [
          "a",
          "s"
        ],
        "2": [
          "y",
          "d"
        ]
      },
      "suffix": {
        "80": [
          "y"
        ],
        "18": [
          "o",
          "a",
          "h"
        ],
        "2": [
          "g"
        ]
      }
    },
    "l": {
      "prefix": {
        "80": [
          "o",
          "c",
          "s",
          "k"
        ],
        "18": [
          "y",
          "d",
          "t"
        ],
        "2": [
          "p"
        ]
      },
      "midfix": {
        "80": [
          "d",
          "o",
          "c",
          "a",
          "s"
        ],